#;Company;Symbol;Weight sp500;      Price;Chg;% Chg
1;Apple Inc.;AAPL;6.696589;  164.33;0.35;(0.21%)
2;Microsoft Corporation;MSFT;5.930459;  300.78;0.35;(0.12%)
3;Amazon.com Inc.;AMZN;3.669759;  3,226.51;1.50;(0.05%)
4;Alphabet Inc. Class A;GOOGL;2.154423;  2,728.00;5.49;(0.20%)
5;Alphabet Inc. Class C;GOOG;2.013944;  2,741.00;4.97;(0.18%)
6;Tesla Inc;TSLA;1.897005;  907.60;2.21;(0.24%)
7;Berkshire Hathaway Inc. Class B;BRK.B;1.690353;  342.41;0.00;(0.00%)
8;NVIDIA Corporation;NVDA;1.656609;  265.10;0.57;(0.22%)
9;Meta Platforms Inc. Class A;FB;1.316444;  216.35;-0.14;(-0.06%)
10;UnitedHealth Group Incorporated;UNH;1.278295;  506.12;0.00;(0.00%)
11;Johnson & Johnson;JNJ;1.245895;  175.00;0.16;(0.09%)
12;JPMorgan Chase & Co.;JPM;1.108641;  140.10;0.00;(0.00%)
13;Procter & Gamble Company;PG;0.972707;  150.45;0.30;(0.20%)
14;Visa Inc. Class A;V;0.958169;  219.11;0.00;(0.00%)
15;Home Depot Inc.;HD;0.950182;  340.74;0.00;(0.00%)
16;Exxon Mobil Corporation;XOM;0.895047;  78.79;0.12;(0.15%)
17;Bank of America Corp;BAC;0.829453;  42.90;0.00;(0.00%)
18;Chevron Corporation;CVX;0.82772;  161.73;0.00;(0.00%)
19;Pfizer Inc.;PFE;0.814941;  54.59;0.08;(0.15%)
20;Mastercard Incorporated Class A;MA;0.804107;  350.09;0.00;(0.00%)
21;AbbVie Inc.;ABBV;0.750501;  159.20;0.00;(0.00%)
22;Walt Disney Company;DIS;0.678402;  140.30;0.00;(0.00%)
23;Broadcom Inc.;AVGO;0.664063;  610.80;0.39;(0.06%)
24;Costco Wholesale Corporation;COST;0.65378;  561.42;0.07;(0.01%)
25;Cisco Systems Inc.;CSCO;0.634155;  55.97;0.00;(0.00%)
26;Coca-Cola Company;KO;0.625303;  60.10;0.00;(0.00%)
27;Eli Lilly and Company;LLY;0.60681;  288.99;1.35;(0.47%)
28;Thermo Fisher Scientific Inc.;TMO;0.603593;  589.40;0.31;(0.05%)
29;PepsiCo Inc.;PEP;0.595673;  162.79;0.00;(0.00%)
30;Verizon Communications Inc.;VZ;0.580285;  51.30;0.50;(0.98%)
31;Abbott Laboratories;ABT;0.573585;  122.45;0.00;(0.00%)
32;Comcast Corporation Class A;CMCSA;0.567174;  46.91;0.00;(0.00%)
33;Adobe Inc.;ADBE;0.565107;  453.53;0.20;(0.04%)
34;Walmart Inc.;WMT;0.551918;  145.38;-0.06;(-0.04%)
35;salesforce.com inc.;CRM;0.551418;  218.80;0.00;(0.00%)
36;Wells Fargo & Company;WFC;0.549383;  51.40;-0.02;(-0.04%)
37;Accenture Plc Class A;ACN;0.539954;  323.95;0.00;(0.00%)
38;Merck & Co. Inc.;MRK;0.533427;  79.03;-0.08;(-0.10%)
39;Intel Corporation;INTC;0.513207;  47.45;0.00;(0.00%)
40;Advanced Micro Devices Inc.;AMD;0.488679;  113.80;0.34;(0.30%)
41;Danaher Corporation;DHR;0.479059;  292.19;0.00;(0.00%)
42;McDonald's Corporation;MCD;0.474976;  239.47;0.55;(0.23%)
43;Qualcomm Inc;QCOM;0.458172;  154.31;0.32;(0.21%)
44;Union Pacific Corporation;UNP;0.453533;  262.73;1.41;(0.54%)
45;AT&T Inc.;T;0.441973;  23.22;0.00;(0.00%)
46;Texas Instruments Incorporated;TXN;0.44121;  180.13;0.03;(0.02%)
47;Netflix Inc.;NFLX;0.440327;  380.89;0.29;(0.08%)
48;NIKE Inc. Class B;NKE;0.434859;  132.50;1.26;(0.96%)
49;Lowe's Companies Inc.;LOW;0.4344;  235.93;0.26;(0.11%)
50;NextEra Energy Inc.;NEE;0.434318;  82.21;-0.16;(-0.19%)
51;United Parcel Service Inc. Class B;UPS;0.433938;  219.83;0.05;(0.02%)
52;Linde plc;LIN;0.424457;  311.95;0.29;(0.09%)
53;Bristol-Myers Squibb Company;BMY;0.418298;  71.02;0.00;(0.00%)
54;Medtronic Plc;MDT;0.395333;  109.81;-0.37;(-0.34%)
55;Raytheon Technologies Corporation;RTX;0.391571;  97.78;0.26;(0.27%)
56;Philip Morris International Inc.;PM;0.388288;  94.39;0.49;(0.52%)
57;CVS Health Corporation;CVS;0.382386;  107.30;0.00;(0.00%)
58;S&P Global Inc.;SPGI;0.381989;  410.80;0.86;(0.21%)
59;Charles Schwab Corp;SCHW;0.36131;  90.00;0.00;(0.00%)
60;Morgan Stanley;MS;0.360655;  94.82;0.00;(0.00%)
61;Intuit Inc.;INTU;0.358247;  482.68;2.81;(0.59%)
62;Amgen Inc.;AMGN;0.355555;  235.02;-1.23;(-0.52%)
63;Honeywell International Inc.;HON;0.353733;  194.72;0.00;(0.00%)
64;PayPal Holdings Inc.;PYPL;0.352758;  117.76;-1.01;(-0.85%)
65;ConocoPhillips;COP;0.348902;  99.60;0.00;(0.00%)
66;Oracle Corporation;ORCL;0.347947;  81.68;0.00;(0.00%)
67;Caterpillar Inc.;CAT;0.321013;  220.91;0.00;(0.00%)
68;Applied Materials Inc.;AMAT;0.319007;  135.41;0.27;(0.20%)
69;American Express Company;AXP;0.313969;  190.72;0.00;(0.00%)
70;Goldman Sachs Group Inc.;GS;0.311909;  345.38;0.00;(0.00%)
71;Anthem Inc.;ANTM;0.310587;  478.02;0.00;(0.00%)
72;Prologis Inc.;PLD;0.309135;  161.85;1.69;(1.06%)
73;Deere & Company;DE;0.3067;  413.15;0.00;(0.00%)
74;International Business Machines Corporation;IBM;0.306447;  128.62;-0.14;(-0.11%)
75;Citigroup Inc.;C;0.304272;  57.35;0.00;(0.00%)
76;ServiceNow Inc.;NOW;0.301878;  580.00;0.12;(0.02%)
77;American Tower Corporation;AMT;0.297816;  242.53;0.00;(0.00%)
78;Target Corporation;TGT;0.28822;  226.30;0.25;(0.11%)
79;BlackRock Inc.;BLK;0.282829;  738.59;0.00;(0.00%)
80;Lockheed Martin Corporation;LMT;0.281465;  426.18;0.00;(0.00%)
81;General Electric Company;GE;0.280178;  95.59;0.00;(0.00%)
82;Boeing Company;BA;0.279966;  192.83;0.00;(0.00%)
83;Starbucks Corporation;SBUX;0.275897;  89.57;-0.03;(-0.03%)
84;Intuitive Surgical Inc.;ISRG;0.269333;  290.49;0.38;(0.13%)
85;Altria Group Inc;MO;0.254059;  51.68;0.00;(0.00%)
86;Zoetis Inc. Class A;ZTS;0.2453;  198.51;2.61;(1.33%)
87;Chubb Limited;CB;0.243395;  211.51;0.00;(0.00%)
88;Automatic Data Processing Inc.;ADP;0.241858;  214.11;-0.58;(-0.27%)
89;Micron Technology Inc.;MU;0.241062;  79.55;0.14;(0.18%)
90;Booking Holdings Inc.;BKNG;0.237151;  2,186.36;0.05;(0.00%)
91;Stryker Corporation;SYK;0.236761;  267.34;0.00;(0.00%)
92;CME Group Inc. Class A;CME;0.236359;  249.13;-0.47;(-0.19%)
93;Mondelez International Inc. Class A;MDLZ;0.232589;  61.51;0.00;(0.00%)
94;Analog Devices Inc.;ADI;0.229956;  164.00;0.55;(0.34%)
95;3M Company;MMM;0.227712;  148.32;0.00;(0.00%)
96;Duke Energy Corporation;DUK;0.218933;  105.01;-0.04;(-0.04%)
97;PNC Financial Services Group Inc.;PNC;0.218382;  192.97;0.00;(0.00%)
98;Marsh & McLennan Companies Inc.;MMC;0.217685;  162.33;0.00;(0.00%)
99;CSX Corporation;CSX;0.215501;  36.02;-0.29;(-0.80%)
100;Cigna Corporation;CI;0.215016;  241.16;0.00;(0.00%)
101;Truist Financial Corporation;TFC;0.20987;  58.50;-0.06;(-0.10%)
102;Crown Castle International Corp;CCI;0.204336;  174.88;0.00;(0.00%)
103;U.S. Bancorp;USB;0.204232;  56.44;-0.09;(-0.16%)
104;T-Mobile US Inc.;TMUS;0.2021;  127.51;0.33;(0.26%)
105;Becton Dickinson and Company;BDX;0.201305;  262.04;0.00;(0.00%)
106;Intercontinental Exchange Inc.;ICE;0.201037;  136.59;-0.31;(-0.23%)
107;TJX Companies Inc;TJX;0.200706;  62.70;0.26;(0.42%)
108;Lam Research Corporation;LRCX;0.19834;  545.00;0.36;(0.07%)
109;Gilead Sciences Inc.;GILD;0.198333;  59.42;0.00;(0.00%)
110;Southern Company;SO;0.193548;  68.03;0.00;(0.00%)
111;Regeneron Pharmaceuticals Inc.;REGN;0.192469;  685.94;0.00;(0.00%)
112;Charter Communications Inc. Class A;CHTR;0.191252;  577.31;-0.01;(-0.00%)
113;Freeport-McMoRan Inc.;FCX;0.190663;  48.08;0.00;(0.00%)
114;Edwards Lifesciences Corporation;EW;0.187443;  112.77;0.00;(0.00%)
115;Aon Plc Class A;AON;0.186297;  318.38;0.00;(0.00%)
116;EOG Resources Inc.;EOG;0.183889;  116.56;0.76;(0.66%)
117;Norfolk Southern Corporation;NSC;0.17873;  274.83;0.00;(0.00%)
118;Dominion Energy Inc;D;0.178629;  81.27;0.00;(0.00%)
119;Ford Motor Company;F;0.173839;  16.86;0.00;(0.00%)
120;Equinix Inc.;EQIX;0.172656;  732.26;0.00;(0.00%)
121;Progressive Corporation;PGR;0.171245;  111.22;0.00;(0.00%)
122;HCA Healthcare Inc;HCA;0.171119;  261.19;0.51;(0.20%)
123;Northrop Grumman Corporation;NOC;0.171021;  427.95;0.00;(0.00%)
124;Vertex Pharmaceuticals Incorporated;VRTX;0.170115;  248.97;-0.11;(-0.04%)
125;General Motors Company;GM;0.169362;  44.82;0.00;(0.00%)
126;Colgate-Palmolive Company;CL;0.169339;  72.20;0.00;(0.00%)
127;Estee Lauder Companies Inc. Class A;EL;0.168797;  276.87;0.00;(0.00%)
128;Boston Scientific Corporation;BSX;0.168206;  44.22;0.00;(0.00%)
129;Eaton Corp. Plc;ETN;0.164773;  155.34;-0.24;(-0.15%)
130;Activision Blizzard Inc.;ATVI;0.163933;  79.05;0.29;(0.37%)
131;Illinois Tool Works Inc.;ITW;0.161901;  212.33;0.00;(0.00%)
132;Waste Management Inc.;WM;0.160294;  155.67;0.00;(0.00%)
133;Sherwin-Williams Company;SHW;0.159634;  251.53;0.00;(0.00%)
134;Fiserv Inc.;FISV;0.159323;  100.61;0.00;(0.00%)
135;Moderna Inc.;MRNA;0.158885;  179.39;0.46;(0.26%)
136;Capital One Financial Corp;COF;0.156686;  138.21;0.00;(0.00%)
137;Newmont Corporation;NEM;0.156552;  74.40;0.44;(0.59%)
138;Fidelity National Information Services Inc.;FIS;0.155174;  95.82;0.00;(0.00%)
139;Emerson Electric Co.;EMR;0.15253;  97.10;0.10;(0.10%)
140;Humana Inc.;HUM;0.151401;  440.61;0.00;(0.00%)
141;FedEx Corporation;FDX;0.149119;  218.65;-0.26;(-0.12%)
142;Public Storage;PSA;0.148932;  365.71;0.00;(0.00%)
143;Schlumberger NV;SLB;0.147628;  39.90;0.17;(0.43%)
144;Pioneer Natural Resources Company;PXD;0.146315;  240.59;0.73;(0.30%)
145;KLA Corporation;KLAC;0.143085;  365.05;0.00;(0.00%)
146;General Dynamics Corporation;GD;0.142183;  230.23;0.00;(0.00%)
147;Illumina Inc.;ILMN;0.141558;  347.99;1.88;(0.54%)
148;Moody's Corporation;MCO;0.139269;  331.23;0.00;(0.00%)
149;Dollar General Corporation;DG;0.138544;  229.63;0.00;(0.00%)
150;Occidental Petroleum Corporation;OXY;0.137504;  56.24;0.00;(0.00%)
151;Centene Corporation;CNC;0.137065;  87.74;0.00;(0.00%)
152;American International Group Inc.;AIG;0.135429;  61.24;0.21;(0.34%)
153;Air Products and Chemicals Inc.;APD;0.135199;  231.67;0.00;(0.00%)
154;NXP Semiconductors NV;NXPI;0.134457;  192.75;0.33;(0.17%)
155;Sempra Energy;SRE;0.132246;  156.29;0.00;(0.00%)
156;L3Harris Technologies Inc;LHX;0.130678;  246.45;0.00;(0.00%)
157;MetLife Inc.;MET;0.130446;  68.45;0.00;(0.00%)
158;Roper Technologies Inc.;ROP;0.130148;  468.54;0.00;(0.00%)
159;Cognizant Technology Solutions Corporation Class A;CTSH;0.127214;  91.95;0.23;(0.25%)
160;Marathon Petroleum Corporation;MPC;0.127112;  78.38;0.06;(0.08%)
161;American Electric Power Company Inc.;AEP;0.126944;  93.97;-0.10;(-0.11%)
162;O'Reilly Automotive Inc.;ORLY;0.126457;  689.98;0.00;(0.00%)
163;Archer-Daniels-Midland Company;ADM;0.125221;  83.98;0.00;(0.00%)
164;Marriott International Inc. Class A;MAR;0.125182;  171.25;0.06;(0.04%)
165;Autodesk Inc.;ADSK;0.124434;  215.00;1.70;(0.80%)
166;Dow Inc.;DOW;0.124389;  62.34;-0.05;(-0.08%)
167;Synopsys Inc.;SNPS;0.123973;  318.21;0.00;(0.00%)
168;Johnson Controls International plc;JCI;0.123474;  65.93;0.32;(0.49%)
169;Amphenol Corporation Class A;APH;0.121355;  76.74;0.00;(0.00%)
170;McKesson Corporation;MCK;0.120509;  299.05;0.00;(0.00%)
171;IDEXX Laboratories Inc.;IDXX;0.119832;  542.46;0.00;(0.00%)
172;Travelers Companies Inc.;TRV;0.119161;  180.31;0.00;(0.00%)
173;DexCom Inc.;DXCM;0.117533;  469.61;1.56;(0.33%)
174;Chipotle Mexican Grill Inc.;CMG;0.11716;  1,587.73;0.00;(0.00%)
175;Prudential Financial Inc.;PRU;0.116759;  115.80;0.57;(0.49%)
176;TE Connectivity Ltd.;TEL;0.116277;  133.84;0.00;(0.00%)
177;Simon Property Group Inc.;SPG;0.115608;  130.84;0.00;(0.00%)
178;IQVIA Holdings Inc;IQV;0.114287;  227.66;0.00;(0.00%)
179;Ecolab Inc.;ECL;0.114159;  171.14;0.00;(0.00%)
180;Exelon Corporation;EXC;0.113529;  43.21;-0.04;(-0.09%)
181;Cadence Design Systems Inc.;CDNS;0.113369;  159.08;0.21;(0.13%)
182;Hilton Worldwide Holdings Inc;HLT;0.112552;  151.79;0.00;(0.00%)
183;Microchip Technology Incorporated;MCHP;0.112031;  77.29;0.00;(0.00%)
184;Agilent Technologies Inc.;A;0.110945;  139.12;0.00;(0.00%)
185;Fortinet Inc.;FTNT;0.109937;  321.30;1.33;(0.42%)
186;MSCI Inc. Class A;MSCI;0.109787;  520.34;0.00;(0.00%)
187;Corteva Inc;CTVA;0.109471;  55.86;0.01;(0.02%)
188;Carrier Global Corp.;CARR;0.109249;  47.68;-0.10;(-0.21%)
189;AutoZone Inc.;AZO;0.109226;  1,952.75;0.00;(0.00%)
190;Kimberly-Clark Corporation;KMB;0.109198;  120.85;0.00;(0.00%)
191;Sysco Corporation;SYY;0.108999;  80.76;-0.48;(-0.59%)
192;Paychex Inc.;PAYX;0.107488;  128.00;-0.13;(-0.10%)
193;Welltower Inc.;WELL;0.107221;  92.52;0.35;(0.38%)
194;Bank of New York Mellon Corporation;BK;0.10677;  52.30;0.00;(0.00%)
195;HP Inc.;HPQ;0.106384;  37.09;0.00;(0.00%)
196;Baxter International Inc.;BAX;0.106092;  79.12;0.00;(0.00%)
197;DuPont de Nemours Inc.;DD;0.105119;  76.71;0.00;(0.00%)
198;Motorola Solutions Inc.;MSI;0.104425;  233.09;0.00;(0.00%)
199;Digital Realty Trust Inc.;DLR;0.104325;  138.99;0.00;(0.00%)
200;Global Payments Inc.;GPN;0.103612;  135.00;0.00;(0.00%)
201;Nucor Corporation;NUE;0.103218;  136.16;0.00;(0.00%)
202;Aflac Incorporated;AFL;0.102452;  62.95;0.00;(0.00%)
203;General Mills Inc.;GIS;0.102412;  62.77;0.36;(0.58%)
204;Williams Companies Inc.;WMB;0.10236;  31.46;0.00;(0.00%)
205;Kroger Co.;KR;0.101135;  55.86;0.04;(0.07%)
206;ResMed Inc.;RMD;0.100766;  261.47;0.00;(0.00%)
207;Realty Income Corporation;O;0.100708;  66.88;0.00;(0.00%)
208;Allstate Corporation;ALL;0.10045;  133.50;0.00;(0.00%)
209;Xcel Energy Inc.;XEL;0.100279;  68.87;0.08;(0.12%)
210;Trane Technologies plc;TT;0.099928;  158.72;0.00;(0.00%)
211;Parker-Hannifin Corporation;PH;0.099619;  290.39;0.00;(0.00%)
212;Constellation Brands Inc. Class A;STZ;0.09749;  225.25;-0.68;(-0.30%)
213;Valero Energy Corporation;VLO;0.097326;  90.43;0.00;(0.00%)
214;Phillips 66;PSX;0.097082;  78.77;0.01;(0.01%)
215;Devon Energy Corporation;DVN;0.096769;  58.49;0.22;(0.38%)
216;SBA Communications Corp. Class A;SBAC;0.096633;  330.63;0.00;(0.00%)
217;Electronic Arts Inc.;EA;0.0952;  126.40;0.12;(0.10%)
218;Dollar Tree Inc.;DLTR;0.093392;  157.16;-0.01;(-0.01%)
219;Yum! Brands Inc.;YUM;0.093356;  121.55;-0.44;(-0.36%)
220;eBay Inc.;EBAY;0.093243;  56.24;0.22;(0.39%)
221;TransDigm Group Incorporated;TDG;0.092767;  661.36;0.00;(0.00%)
222;Cintas Corporation;CTAS;0.0923;  401.50;1.13;(0.28%)
223;AvalonBay Communities Inc.;AVB;0.09177;  245.38;0.00;(0.00%)
224;Public Service Enterprise Group Inc;PEG;0.091534;  66.80;0.00;(0.00%)
225;Kinder Morgan Inc Class P;KMI;0.091458;  17.43;0.07;(0.40%)
226;Arthur J. Gallagher & Co.;AJG;0.091129;  167.37;0.00;(0.00%)
227;Walgreens Boots Alliance Inc;WBA;0.091075;  47.30;-0.06;(-0.13%)
228;Ameriprise Financial Inc.;AMP;0.089807;  300.82;0.00;(0.00%)
229;Discover Financial Services;DFS;0.089121;  115.84;0.00;(0.00%)
230;SVB Financial Group;SIVB;0.088437;  570.44;0.00;(0.00%)
231;T. Rowe Price Group;TROW;0.08839;  147.70;0.95;(0.65%)
232;Ross Stores Inc.;ROST;0.088017;  93.33;0.00;(0.00%)
233;Fastenal Company;FAST;0.087752;  57.99;0.12;(0.21%)
234;Verisk Analytics Inc;VRSK;0.087244;  208.24;0.00;(0.00%)
235;Otis Worldwide Corporation;OTIS;0.087121;  77.98;0.00;(0.00%)
236;International Flavors & Fragrances Inc.;IFF;0.086234;  129.13;0.00;(0.00%)
237;State Street Corporation;STT;0.08603;  88.93;0.00;(0.00%)
238;Mettler-Toledo International Inc.;MTD;0.085776;  1,405.23;0.00;(0.00%)
239;Fifth Third Bancorp;FITB;0.085527;  46.68;-0.01;(-0.02%)
240;Halliburton Company;HAL;0.085358;  36.19;0.15;(0.42%)
241;Consolidated Edison Inc.;ED;0.085236;  88.70;0.00;(0.00%)
242;Rockwell Automation Inc.;ROK;0.084024;  275.83;0.00;(0.00%)
243;PACCAR Inc;PCAR;0.083747;  88.67;0.00;(0.00%)
244;Aptiv PLC;APTV;0.083636;  118.70;0.00;(0.00%)
245;Align Technology Inc.;ALGN;0.083529;  442.40;-0.47;(-0.11%)
246;AMETEK Inc.;AME;0.082011;  134.76;0.00;(0.00%)
247;Baker Hughes Company Class A;BKR;0.081864;  35.56;0.27;(0.77%)
248;CBRE Group Inc. Class A;CBRE;0.081689;  91.09;0.00;(0.00%)
249;PPG Industries Inc.;PPG;0.081603;  130.67;-0.26;(-0.20%)
250;Equity Residential;EQR;0.081323;  89.00;0.00;(0.00%)
251;First Republic Bank;FRC;0.081081;  170.51;0.00;(0.00%)
252;Old Dominion Freight Line Inc.;ODFL;0.080888;  328.85;0.55;(0.17%)
253;WEC Energy Group Inc;WEC;0.080729;  94.68;0.00;(0.00%)
254;Biogen Inc.;BIIB;0.080694;  203.66;-4.91;(-2.35%)
255;Hershey Company;HSY;0.080297;  206.73;0.00;(0.00%)
256;West Pharmaceutical Services Inc.;WST;0.080061;  416.00;1.31;(0.32%)
257;Ball Corporation;BLL;0.079929;  93.00;0.00;(0.00%)
258;ONEOK Inc.;OKE;0.079628;  67.34;0.34;(0.51%)
259;Twitter Inc.;TWTR;0.079525;  37.77;0.00;(0.00%)
260;Weyerhaeuser Company;WY;0.079146;  39.99;0.00;(0.00%)
261;Cummins Inc.;CMI;0.078813;  206.75;0.00;(0.00%)
262;Equifax Inc.;EFX;0.077916;  241.11;0.00;(0.00%)
263;Monster Beverage Corporation;MNST;0.077906;  80.70;0.11;(0.14%)
264;Willis Towers Watson Public Limited Company;WTW;0.077668;  236.00;0.00;(0.00%)
265;Corning Inc;GLW;0.077429;  38.04;0.02;(0.05%)
266;Eversource Energy;ES;0.077377;  83.43;0.00;(0.00%)
267;Keysight Technologies Inc;KEYS;0.077168;  161.41;0.00;(0.00%)
268;American Water Works Company Inc.;AWK;0.076358;  158.72;0.00;(0.00%)
269;Arista Networks Inc.;ANET;0.07566;  131.25;0.00;(0.00%)
270;Expedia Group Inc.;EXPE;0.075042;  192.71;-0.47;(-0.24%)
271;Cerner Corporation;CERN;0.074053;  93.64;0.00;(0.00%)
272;Republic Services Inc.;RSG;0.073855;  132.00;0.51;(0.39%)
273;Alexandria Real Estate Equities Inc.;ARE;0.073243;  195.64;0.00;(0.00%)
274;Copart Inc.;CPRT;0.072872;  129.24;0.00;(0.00%)
275;D.R. Horton Inc.;DHI;0.072457;  85.74;0.00;(0.00%)
276;Match Group Inc.;MTCH;0.072182;  102.69;0.00;(0.00%)
277;LyondellBasell Industries NV;LYB;0.072173;  102.20;-0.23;(-0.22%)
278;ANSYS Inc.;ANSS;0.072059;  318.56;-0.04;(-0.01%)
279;Kraft Heinz Company;KHC;0.07155;  37.71;0.09;(0.24%)
280;Hess Corporation;HES;0.071458;  98.02;0.61;(0.63%)
281;Tractor Supply Company;TSCO;0.071068;  234.50;0.97;(0.42%)
282;Laboratory Corporation of America Holdings;LH;0.070242;  275.00;-0.23;(-0.08%)
283;Extra Space Storage Inc.;EXR;0.0701;  194.42;0.00;(0.00%)
284;Tyson Foods Inc. Class A;TSN;0.069802;  87.49;0.35;(0.40%)
285;Zimmer Biomet Holdings Inc.;ZBH;0.068219;  120.77;0.00;(0.00%)
286;Southwest Airlines Co.;LUV;0.067631;  43.19;-0.05;(-0.12%)
287;Edison International;EIX;0.067154;  64.70;0.05;(0.08%)
288;United Rentals Inc.;URI;0.067012;  346.24;0.00;(0.00%)
289;DTE Energy Company;DTE;0.06616;  126.07;0.00;(0.00%)
290;Lennar Corporation Class A;LEN;0.065555;  92.54;0.00;(0.00%)
291;Stanley Black & Decker Inc.;SWK;0.065095;  151.20;0.00;(0.00%)
292;Enphase Energy Inc.;ENPH;0.065059;  184.64;0.12;(0.07%)
293;Vulcan Materials Company;VMC;0.064911;  183.47;0.00;(0.00%)
294;Mid-America Apartment Communities Inc.;MAA;0.064546;  206.77;0.00;(0.00%)
295;McCormick & Company Incorporated;MKC;0.064497;  96.24;0.00;(0.00%)
296;Gartner Inc.;IT;0.064494;  298.35;0.00;(0.00%)
297;Northern Trust Corporation;NTRS;0.06442;  115.45;0.24;(0.21%)
298;Hartford Financial Services Group Inc.;HIG;0.064073;  70.85;0.00;(0.00%)
299;CDW Corp.;CDW;0.064061;  178.91;-0.48;(-0.27%)
300;FirstEnergy Corp.;FE;0.064031;  43.14;0.00;(0.00%)
301;Martin Marietta Materials Inc.;MLM;0.063864;  385.73;0.00;(0.00%)
302;Church & Dwight Co. Inc.;CHD;0.063809;  96.94;0.00;(0.00%)
303;Delta Air Lines Inc.;DAL;0.06352;  37.68;0.00;(0.00%)
304;Ventas Inc.;VTR;0.063313;  59.46;0.00;(0.00%)
305;M&T Bank Corporation;MTB;0.061582;  179.29;0.00;(0.00%)
306;Albemarle Corporation;ALB;0.061367;  198.00;-0.24;(-0.12%)
307;Ameren Corporation;AEE;0.060989;  87.85;0.00;(0.00%)
308;Diamondback Energy Inc.;FANG;0.060887;  131.75;0.30;(0.23%)
309;STERIS Plc;STE;0.060864;  234.71;0.00;(0.00%)
310;Mosaic Company;MOS;0.060582;  62.21;0.13;(0.21%)
311;Dover Corporation;DOV;0.060507;  159.27;0.00;(0.00%)
312;AmerisourceBergen Corporation;ABC;0.0604;  152.00;0.00;(0.00%)
313;PerkinElmer Inc.;PKI;0.060286;  182.39;0.00;(0.00%)
314;KeyCorp;KEY;0.060111;  23.93;0.00;(0.00%)
315;Zebra Technologies Corporation Class A;ZBRA;0.059843;  438.00;0.82;(0.19%)
316;Paramount Global Class B;PARA;0.059683;  37.09;0.00;(0.00%)
317;Essex Property Trust Inc.;ESS;0.059557;  341.60;0.00;(0.00%)
318;Regions Financial Corporation;RF;0.059352;  22.95;0.00;(0.00%)
319;Entergy Corporation;ETR;0.059261;  109.45;0.00;(0.00%)
320;Best Buy Co. Inc.;BBY;0.058825;  101.84;0.00;(0.00%)
321;Huntington Bancshares Incorporated;HBAN;0.058803;  15.13;0.01;(0.07%)
322;Skyworks Solutions Inc.;SWKS;0.058676;  135.18;0.00;(0.00%)
323;Fortive Corp.;FTV;0.058412;  61.90;0.00;(0.00%)
324;Hewlett Packard Enterprise Co.;HPE;0.058361;  17.04;0.00;(0.00%)
325;W.W. Grainger Inc.;GWW;0.058286;  501.95;0.00;(0.00%)
326;Ulta Beauty Inc;ULTA;0.056676;  391.21;-0.02;(-0.01%)
327;Citizens Financial Group Inc.;CFG;0.056609;  49.25;0.00;(0.00%)
328;Duke Realty Corporation;DRE;0.056052;  56.50;0.22;(0.39%)
329;VeriSign Inc.;VRSN;0.055295;  220.75;0.00;(0.00%)
330;Ingersoll Rand Inc.;IR;0.055011;  51.40;0.00;(0.00%)
331;Cooper Companies Inc.;COO;0.054968;  421.31;0.00;(0.00%)
332;Synchrony Financial;SYF;0.054852;  37.59;0.00;(0.00%)
333;Nasdaq Inc.;NDAQ;0.054675;  180.00;0.77;(0.43%)
334;PPL Corporation;PPL;0.054395;  26.68;0.01;(0.04%)
335;Waters Corporation;WAT;0.054241;  338.14;0.00;(0.00%)
336;Teledyne Technologies Incorporated;TDY;0.054084;  437.38;0.00;(0.00%)
337;Coterra Energy Inc.;CTRA;0.05369;  25.00;0.15;(0.60%)
338;CF Industries Holdings Inc.;CF;0.053114;  95.25;0.00;(0.00%)
339;Molina Healthcare Inc.;MOH;0.052998;  343.35;0.00;(0.00%)
340;Cincinnati Financial Corporation;CINF;0.052978;  127.60;-0.35;(-0.27%)
341;Teradyne Inc.;TER;0.052618;  121.63;-1.32;(-1.07%)
342;Generac Holdings Inc.;GNRC;0.052248;  320.01;0.68;(0.21%)
343;Raymond James Financial Inc.;RJF;0.051891;  105.78;0.00;(0.00%)
344;CMS Energy Corporation;CMS;0.051885;  66.20;0.00;(0.00%)
345;NetApp Inc.;NTAP;0.051767;  89.05;-0.64;(-0.71%)
346;Signature Bank;SBNY;0.051571;  320.00;7.35;(2.35%)
347;Monolithic Power Systems Inc.;MPWR;0.051566;  470.00;0.12;(0.03%)
348;FLEETCOR Technologies Inc.;FLT;0.051467;  239.21;0.00;(0.00%)
349;Pool Corporation;POOL;0.050922;  493.84;6.43;(1.32%)
350;Hologic Inc.;HOLX;0.050231;  74.91;0.00;(0.00%)
351;Akamai Technologies Inc.;AKAM;0.050148;  116.79;-0.83;(-0.71%)
352;V.F. Corporation;VFC;0.049465;  57.87;0.38;(0.66%)
353;Seagate Technology Holdings PLC;STX;0.04944;  95.00;0.68;(0.72%)
354;Genuine Parts Company;GPC;0.049006;  129.00;0.00;(0.00%)
355;CenterPoint Energy Inc.;CNP;0.048965;  29.05;0.00;(0.00%)
356;J.B. Hunt Transport Services Inc.;JBHT;0.048613;  217.00;1.93;(0.90%)
357;Marathon Oil Corporation;MRO;0.048605;  23.14;0.06;(0.26%)
358;Omnicom Group Inc;OMC;0.048565;  84.22;0.00;(0.00%)
359;Catalent Inc;CTLT;0.048437;  109.14;0.00;(0.00%)
360;Etsy Inc.;ETSY;0.048076;  148.40;0.40;(0.27%)
361;Expeditors International of Washington Inc.;EXPD;0.048048;  107.00;0.22;(0.21%)
362;Jacobs Engineering Group Inc.;J;0.048032;  141.22;0.00;(0.00%)
363;Healthpeak Properties Inc.;PEAK;0.047892;  33.16;0.00;(0.00%)
364;Amcor PLC;AMCR;0.047833;  11.67;0.00;(0.00%)
365;Westinghouse Air Brake Technologies Corporation;WAB;0.047609;  96.16;0.00;(0.00%)
366;Quest Diagnostics Incorporated;DGX;0.047379;  145.06;0.00;(0.00%)
367;Boston Properties Inc.;BXP;0.04734;  124.55;0.00;(0.00%)
368;Broadridge Financial Solutions Inc.;BR;0.047239;  153.59;0.00;(0.00%)
369;Trimble Inc.;TRMB;0.047119;  71.81;0.00;(0.00%)
370;International Paper Company;IP;0.046972;  45.01;0.00;(0.00%)
371;Garmin Ltd.;GRMN;0.046869;  119.75;0.14;(0.12%)
372;Quanta Services Inc.;PWR;0.046795;  126.56;0.00;(0.00%)
373;Principal Financial Group Inc.;PFG;0.046727;  70.03;0.00;(0.00%)
374;Take-Two Interactive Software Inc.;TTWO;0.046364;  151.37;0.00;(0.00%)
375;Tyler Technologies Inc.;TYL;0.046309;  435.99;0.00;(0.00%)
376;Darden Restaurants Inc.;DRI;0.04543;  133.63;0.00;(0.00%)
377;CarMax Inc.;KMX;0.045247;  104.47;0.00;(0.00%)
378;Bio-Techne Corporation;TECH;0.044875;  445.55;-0.05;(-0.01%)
379;UDR Inc.;UDR;0.044718;  57.22;0.00;(0.00%)
380;Caesars Entertainment Inc;CZR;0.044622;  80.95;0.12;(0.15%)
381;FMC Corporation;FMC;0.044621;  130.50;1.06;(0.82%)
382;SolarEdge Technologies Inc.;SEDG;0.044421;  312.50;-0.01;(-0.00%)
383;Constellation Energy Corporation;CEG;0.044412;  49.90;0.89;(1.82%)
384;Textron Inc.;TXT;0.044309;  75.15;0.00;(0.00%)
385;MGM Resorts International;MGM;0.044271;  42.25;0.08;(0.19%)
386;Royal Caribbean Group;RCL;0.044184;  76.45;0.27;(0.35%)
387;Paycom Software Inc.;PAYC;0.044063;  359.02;0.00;(0.00%)
388;Clorox Company;CLX;0.043592;  133.83;0.00;(0.00%)
389;Teleflex Incorporated;TFX;0.043338;  349.93;0.00;(0.00%)
390;FactSet Research Systems Inc.;FDS;0.043241;  439.15;0.00;(0.00%)
391;NVR Inc.;NVR;0.043154;  4,988.73;0.00;(0.00%)
392;Cardinal Health Inc.;CAH;0.04313;  57.29;0.00;(0.00%)
393;Brown & Brown Inc.;BRO;0.042483;  69.59;0.00;(0.00%)
394;Xylem Inc.;XYL;0.042416;  88.07;0.00;(0.00%)
395;AES Corporation;AES;0.041682;  23.69;0.00;(0.00%)
396;Celanese Corporation;CE;0.04154;  142.85;0.00;(0.00%)
397;EPAM Systems Inc.;EPAM;0.041493;  294.94;0.47;(0.16%)
398;Kellogg Company;K;0.041427;  60.76;0.00;(0.00%)
399;Conagra Brands Inc.;CAG;0.041147;  31.74;0.00;(0.00%)
400;Carnival Corporation;CCL;0.04085;  19.46;0.00;(0.00%)
401;Alliant Energy Corp;LNT;0.040768;  60.67;0.36;(0.60%)
402;Domino's Pizza Inc.;DPZ;0.040368;  417.95;2.29;(0.55%)
403;NortonLifeLock Inc.;NLOK;0.040269;  27.35;-0.10;(-0.36%)
404;IDEX Corporation;IEX;0.040194;  198.99;0.00;(0.00%)
405;Atmos Energy Corporation;ATO;0.03998;  112.73;0.00;(0.00%)
406;Western Digital Corporation;WDC;0.03998;  49.36;0.06;(0.12%)
407;Evergy Inc.;EVRG;0.039739;  64.77;0.00;(0.00%)
408;Packaging Corporation of America;PKG;0.039654;  156.47;0.00;(0.00%)
409;Live Nation Entertainment Inc.;LYV;0.03911;  112.99;0.01;(0.01%)
410;Leidos Holdings Inc.;LDOS;0.039054;  105.48;0.00;(0.00%)
411;Eastman Chemical Company;EMN;0.038933;  107.47;-0.43;(-0.40%)
412;Kimco Realty Corporation;KIM;0.038662;  23.85;-0.17;(-0.71%)
413;Iron Mountain Inc.;IRM;0.038484;  49.22;-0.25;(-0.51%)
414;Qorvo Inc.;QRVO;0.038386;  131.20;0.33;(0.25%)
415;APA Corp.;APA;0.038325;  39.14;0.03;(0.08%)
416;Interpublic Group of Companies Inc.;IPG;0.038315;  36.04;0.00;(0.00%)
417;Avery Dennison Corporation;AVY;0.037892;  171.12;0.00;(0.00%)
418;Charles River Laboratories International Inc.;CRL;0.037809;  286.77;0.00;(0.00%)
419;Masco Corporation;MAS;0.037744;  57.40;0.00;(0.00%)
420;Hormel Foods Corporation;HRL;0.037579;  49.26;0.00;(0.00%)
421;J.M. Smucker Company;SJM;0.037517;  128.07;0.00;(0.00%)
422;Incyte Corporation;INCY;0.037393;  75.20;0.00;(0.00%)
423;ABIOMED Inc.;ABMD;0.0373;  304.33;0.00;(0.00%)
424;C.H. Robinson Worldwide Inc.;CHRW;0.036625;  105.09;0.18;(0.17%)
425;Jack Henry & Associates Inc.;JKHY;0.036565;  185.51;0.00;(0.00%)
426;Howmet Aerospace Inc.;HWM;0.036048;  35.73;0.00;(0.00%)
427;MarketAxess Holdings Inc.;MKTX;0.035971;  353.84;0.00;(0.00%)
428;Host Hotels & Resorts Inc.;HST;0.035772;  19.06;0.03;(0.16%)
429;W. R. Berkley Corporation;WRB;0.035681;  96.00;0.00;(0.00%)
430;Advance Auto Parts Inc.;AAP;0.035679;  206.34;0.00;(0.00%)
431;United Airlines Holdings Inc.;UAL;0.035545;  42.35;0.00;(0.00%)
432;Robert Half International Inc.;RHI;0.035384;  120.35;0.00;(0.00%)
433;Loews Corporation;L;0.034834;  63.26;0.00;(0.00%)
434;Fox Corporation Class A;FOXA;0.034822;  40.98;0.11;(0.27%)
435;Bath & Body Works Inc.;BBWI;0.034465;  50.39;0.00;(0.00%)
436;Viatris Inc.;VTRS;0.034371;  10.61;-0.05;(-0.47%)
437;WestRock Company;WRK;0.033932;  47.58;0.00;(0.00%)
438;Comerica Incorporated;CMA;0.033909;  94.95;0.00;(0.00%)
439;LKQ Corporation;LKQ;0.033833;  46.75;0.00;(0.00%)
440;Cboe Global Markets Inc;CBOE;0.033518;  116.80;0.00;(0.00%)
441;Citrix Systems Inc.;CTXS;0.03349;  100.74;0.00;(0.00%)
442;Las Vegas Sands Corp.;LVS;0.033044;  39.09;0.13;(0.33%)
443;Bio-Rad Laboratories Inc. Class A;BIO;0.03301;  588.22;0.00;(0.00%)
444;Nordson Corporation;NDSN;0.032969;  230.97;0.00;(0.00%)
445;Henry Schein Inc.;HSIC;0.032384;  87.26;0.00;(0.00%)
446;F5 Inc.;FFIV;0.032189;  206.93;2.96;(1.45%)
447;PulteGroup Inc.;PHM;0.032084;  47.82;-0.61;(-1.26%)
448;Fortune Brands Home & Security Inc.;FBHS;0.031805;  86.93;0.00;(0.00%)
449;Whirlpool Corporation;WHR;0.031767;  194.72;0.00;(0.00%)
450;Brown-Forman Corporation Class B;BF.B;0.031488;  64.76;0.00;(0.00%)
451;NiSource Inc;NI;0.031361;  30.09;0.00;(0.00%)
452;PTC Inc.;PTC;0.031333;  111.48;0.06;(0.05%)
453;Hasbro Inc.;HAS;0.030828;  89.33;0.00;(0.00%)
454;Everest Re Group Ltd.;RE;0.030375;  286.66;0.00;(0.00%)
455;Snap-on Incorporated;SNA;0.030338;  213.99;0.00;(0.00%)
456;Juniper Networks Inc.;JNPR;0.030107;  35.50;0.19;(0.54%)
457;Lincoln National Corporation;LNC;0.029914;  66.05;0.00;(0.00%)
458;Zions Bancorporation N.A.;ZION;0.029271;  67.85;0.00;(0.00%)
459;Universal Health Services Inc. Class B;UHS;0.029167;  146.79;0.00;(0.00%)
460;American Airlines Group Inc.;AAL;0.028596;  16.73;-0.02;(-0.12%)
461;DENTSPLY SIRONA Inc.;XRAY;0.028465;  48.66;0.00;(0.00%)
462;Allegion PLC;ALLE;0.028233;  118.14;0.00;(0.00%)
463;Tapestry Inc.;TPR;0.028007;  38.41;0.00;(0.00%)
464;Regency Centers Corporation;REG;0.027541;  67.51;0.00;(0.00%)
465;Sealed Air Corporation;SEE;0.027359;  68.35;-0.01;(-0.01%)
466;Assurant Inc.;AIZ;0.026849;  176.42;0.00;(0.00%)
467;Lumen Technologies Inc.;LUMN;0.026656;  11.08;-0.01;(-0.09%)
468;Molson Coors Beverage Company Class B;TAP;0.026547;  52.96;0.00;(0.00%)
469;NRG Energy Inc.;NRG;0.025473;  38.00;0.09;(0.24%)
470;Pentair plc;PNR;0.025233;  57.22;0.00;(0.00%)
471;BorgWarner Inc.;BWA;0.024672;  38.62;0.00;(0.00%)
472;Globe Life Inc.;GL;0.024663;  98.23;0.00;(0.00%)
473;A. O. Smith Corporation;AOS;0.024204;  68.05;0.00;(0.00%)
474;People's United Financial Inc.;PBCT;0.024156;  21.08;0.00;(0.00%)
475;Ceridian HCM Holding Inc.;CDAY;0.023765;  70.50;0.00;(0.00%)
476;News Corporation Class A;NWSA;0.0236;  22.39;0.25;(1.13%)
477;Organon & Co.;OGN;0.023379;  35.20;0.12;(0.34%)
478;Campbell Soup Company;CPB;0.023345;  42.43;0.00;(0.00%)
479;Newell Brands Inc;NWL;0.02309;  22.43;0.04;(0.18%)
480;Nielsen Holdings Plc;NLSN;0.023038;  24.41;-0.03;(-0.12%)
481;Pinnacle West Capital Corporation;PNW;0.022539;  72.00;-0.97;(-1.33%)
482;Federal Realty Investment Trust;FRT;0.022028;  117.00;-0.38;(-0.32%)
483;DXC Technology Co.;DXC;0.021952;  33.20;0.00;(0.00%)
484;Wynn Resorts Limited;WYNN;0.021784;  79.71;0.06;(0.08%)
485;Mohawk Industries Inc.;MHK;0.021706;  144.51;0.00;(0.00%)
486;Huntington Ingalls Industries Inc.;HII;0.021159;  194.00;0.31;(0.16%)
487;DISH Network Corporation Class A;DISH;0.020936;  31.65;0.00;(0.00%)
488;Lamb Weston Holdings Inc.;LW;0.020733;  54.58;0.00;(0.00%)
489;Franklin Resources Inc.;BEN;0.020517;  27.92;0.00;(0.00%)
490;Rollins Inc.;ROL;0.020411;  34.20;0.00;(0.00%)
491;DaVita Inc.;DVA;0.020269;  113.59;0.00;(0.00%)
492;Discovery Inc. Class C;DISCK;0.020095;  26.37;0.04;(0.15%)
493;Penn National Gaming Inc.;PENN;0.019969;  44.84;-0.02;(-0.04%)
494;Invesco Ltd.;IVZ;0.019431;  21.40;0.00;(0.00%)
495;Norwegian Cruise Line Holdings Ltd.;NCLH;0.019273;  19.92;0.02;(0.10%)
496;Vornado Realty Trust;VNO;0.019176;  46.13;0.00;(0.00%)
497;Alaska Air Group Inc.;ALK;0.018154;  55.19;0.00;(0.00%)
498;PVH Corp.;PVH;0.015684;  83.73;0.00;(0.00%)
499;Ralph Lauren Corporation Class A;RL;0.015467;  121.40;0.00;(0.00%)
500;Fox Corporation Class B;FOX;0.014682;  37.75;0.07;(0.19%)
501;IPG Photonics Corporation;IPGP;0.011278;  119.00;0.00;(0.00%)
502;Discovery Inc. Class A;DISCA;0.011207;  26.27;0.01;(0.04%)
503;Under Armour Inc. Class A;UAA;0.00873;  17.50;0.00;(0.00%)
504;Under Armour Inc. Class C;UA;0.008136;  15.62;0.01;(0.06%)
505;News Corporation Class B;NWS;0.00751;  22.43;0.00;(0.00%)
